doc_key,text
doc_tt1800241_0038_qwen3vl-4b_original-system-journalist_19,"The dim glow of candlelight flickers across the opulent room as Jeremy leans in , his voice low and urgent , his eyes locked on the older man across the table . Behind him , Christian watches with quiet intensity , his gold-rimmed glasses reflecting the warm amber glow of the lamp . The tension is palpable , thick as the champagne flutes on the table . Jeremy ’ s words seem to carry weight , each syllable a blade slicing through the silence . Christian ’ s gaze never leaves Jeremy ’ s face , his expression unreadable beneath the glasses . He ’ s not just listening — he ’ s analyzing , calculating , perhaps preparing to strike . The room breathes around them , the ornate wallpaper and gilded furniture a silent witness to this clandestine exchange . The air hums with unspoken threats and secrets . The camera lingers on the older man ’ s face — his lines etched with experience , his gaze steady and unyielding . He doesn ’ t flinch as Jeremy speaks , his hands resting on the table , a silent anchor in the storm of words . The champagne glass beside him is untouched , a symbol of the pause before the inevitable next move . Suddenly , the scene shifts to a different part of the room . Jennifer , her blonde hair pinned elegantly , turns her head , her lips parted as if caught mid-sentence . Her eyes , wide and curious , betray the depth of the conversation unfolding around her . She ’ s not part of the main exchange , but she ’ s a witness to the drama , her presence adding a layer of intrigue . The final shot pulls back to reveal Amy and Jack seated on the ornate sofa , their postures relaxed yet alert . Amy ’ s hand rests near her glass , her expression one of quiet amusement , while Jack leans forward slightly , his attention fixed on the unfolding drama . They ’ re not the center of the action , but they ’ re part of the tapestry of this high-stakes evening . The room is alive with the unspoken tension , the glances , the silences , and the whispered secrets . The night is far from over ."
doc_tt1403865_0009_3_qwen3vl-4b_original-system-journalist_18,"Under the wide , sun-baked sky of the open range , Barry rides his pale horse with quiet determination , rifle aimed , scanning the horizon . The dust swirls beneath his hooves as he moves toward the distant cliffside , where the forested slopes loom like ancient sentinels . His hat casts a shadow over his face , but his eyes are sharp , alert for danger . He ’ s not alone . Jeff , mounted on a powerful chestnut horse , rides with a swagger that belies the tension . His hands grip his pistols high , arms raised in a defiant gesture , as if challenging the sky or the unseen foe . The wind carries the scent of pine and earth , and the landscape feels alive with the promise of conflict . Barry ’ s focus shifts to the approaching figure . He lowers his rifle slightly , eyes narrowing as he tracks Jeff ’ s movement . The terrain opens up before them , the dust kicked up by their horses swirling in the air like a silent storm . Barry ’ s horse steps forward with steady confidence , as if he knows this path better than anyone . The dust clouds part as Jeff ’ s horse lunges forward , galloping with a burst of energy . Barry ’ s horse responds with equal vigor , their riders closing the distance . The camera captures the moment of impact — a blur of motion , the horses ’ hooves kicking up dirt , and the tension in the air thickening with anticipation . Jeff ’ s horse kicks up a cloud of dust as he leans into the turn , his body tense with adrenaline . Barry watches , his expression unreadable , but his posture speaks volumes — ready , focused , and prepared for whatever comes next . The landscape stretches out behind them , a vast , wild expanse that holds secrets and dangers . Barry rides forward , his horse a steady presence , as he moves through the open field . The forested hillside looms behind him , a silent witness to the duel unfolding before them . He ’ s not afraid — he ’ s prepared . The sun hangs low , casting long shadows , and the wind whispers through the pines , adding to the drama of the scene . Barry ’ s horse slows as he approaches the edge of the field , where the trees begin to thin . He rides with purpose , his gaze fixed ahead . The dust settles around him , but the tension remains — the air is thick with the promise of what ’ s to come . He ’ s not just riding ; he ’ s preparing for the storm ."
doc_tt1059786_0003_1_qwen3vl-4b_original-system-journalist_17,"The dimly lit room holds a tense atmosphere as Shia sits , his expression grave , his mouth slightly agape as if caught mid-sentence or in the midst of a silent confrontation . The stark lighting casts deep shadows , emphasizing the gravity of the moment . Across from him , Billy , in his dark suit and glasses , gestures emphatically with both hands , his face contorted in what appears to be a passionate or furious explanation . The tension between them is palpable , as if the weight of an unresolved issue hangs in the air . Shia ’ s posture shifts subtly as he listens , his gaze fixed on Billy , his hands resting on the table , suggesting a mix of resignation and determination . The scene feels like a pivotal moment in a larger narrative , one that demands resolution . The mood shifts abruptly as the camera pans to a dimly lit bar , where a group of women are gathered , their faces illuminated by the warm glow of the bar ’ s lights . Their laughter and conversation contrast sharply with the earlier tension , hinting at a different world beyond the interrogation room . A bartender , a woman with blonde hair , serves drinks to the women , her movements fluid and practiced . The bar is alive with the clinking of glasses and the murmur of conversation , offering a stark contrast to the cold , sterile room where Shia and Billy had been . The scene suggests a world of social connection and distraction , a place where the weight of the previous moment can be momentarily forgotten . Shia ’ s expression remains serious as he sits , his gaze fixed on something beyond the frame , perhaps lost in thought or waiting for something to happen . Billy ’ s hands are still raised , his expression one of intense focus , as if he ’ s trying to convey something crucial . Michelle , with her dark hair and gold earrings , is seen in profile , her expression serene , suggesting she ’ s caught up in her own thoughts or perhaps enjoying the moment away from the tension ."
doc_tt0993846_0022_6_qwen3vl-4b_original-system-journalist_16,"The scene unfolds in a warmly lit , slightly cluttered dining room , where chaos has just struck . Jonah , sprawled on the tiled floor , clutching his chest as if in mortal peril , is the immediate focus . His eyes , wide with shock , betray a man caught in the midst of an unexpected disaster . A stack of plates lies nearby , hinting at a recent meal that has now become a casualty of the unfolding drama . The camera pulls back , revealing the full scope of the room . A woman , Margot , strides purposefully down the hallway , her dark dress flowing as she moves . Her expression is one of focused determination , suggesting she ’ s not merely a bystander but an active participant in the unfolding events . Behind her , another figure , Leonardo , lies motionless on the floor , his blue shirt and jeans a stark contrast to the warm tones of the room . Jonah ’ s eyes widen further as he looks up , his hands clutching his throat . The plates still rest near him , now a silent witness to the chaos . His glasses are askew , and his face is a tableau of disbelief and panic . He ’ s not just lying on the floor — he ’ s in the middle of a surreal , comedic disaster . Leonardo , though still on the floor , begins to stir . His hand reaches out , fingers brushing against the edge of a drawer as he tries to regain his footing . A phone lies discarded nearby , its cord tangled , suggesting a frantic scramble to escape or to call for help . The room feels alive with tension , even as the characters remain frozen in their positions . Margot , now closer to the scene , pauses as if to assess the situation . Her hand rests on her hip , and her gaze sweeps over Jonah and Leonardo , as if weighing the gravity of their predicament . The room , though filled with chaos , holds a strange , almost theatrical stillness , as if this moment is the climax of a long , surreal narrative . The characters are caught in a moment that feels both absurd and deeply human , a scene that will linger in the memory of anyone who witnesses it ."
doc_tt0467200_0002_12_qwen3vl-4b_original-system-journalist_15,"The dim glow of stained glass filters through the heavy curtains as a shadowy figure stands at the window , lost in thought . The room is hushed , the air thick with the weight of secrets . Inside , Scarlett sits upright in bed , her braided hair framing a face etched with concern , while Natalie watches from the doorway , her gaze sharp and unreadable . Eric , dressed in dark , period-appropriate attire , enters the chamber , clutching a book — a relic of knowledge he carries like a shield . His presence is both imposing and solemn . He moves with quiet purpose , glancing toward the door as if anticipating someone ’ s arrival or the sound of footsteps . The scene shifts to a moment of quiet tension : Scarlett , now in her blue gown , leans forward , her expression a blend of sorrow and resolve , while Natalie , ever observant , seems to sense the turning point . A single , soft light catches the edge of Eric ’ s jaw as he stands before the stained-glass window , his silhouette stark against the golden hues . His eyes hold the gravity of a man who has seen too much , and yet must continue . The final image captures Scarlett in a moment of quiet reflection , her hands clasped over her chest , her gaze fixed not on the room , but on something beyond — perhaps a memory , a promise , or a future yet to be written . The room holds its breath as if waiting for the next word , the next step , the next truth to be spoken ."
doc_tt0187393_0003_6_qwen3vl-4b_original-system-journalist_14,"The forest thrummed with tension as a line of colonial soldiers , clad in red coats and tricorn hats , advanced through the underbrush . Their muskets gleamed under the dappled light , and the smoke from a recent volley curled like ghostly fingers through the trees . Amidst the chaos , a lone figure in a faded , earth-toned coat slipped between the trunks , his movements deliberate and silent . He was Mel , a scout with a reputation for seeing what others missed . Mel pressed himself against the bark of a massive oak , his breath shallow as he scanned the battlefield . His eyes darted , catching the glint of a bayonet , the flicker of a lantern , the sudden stillness where a soldier had just fallen . He knew this forest better than any man , and he knew the enemy was close . He pulled his rifle from its strap , the wood cool and familiar in his grip . His fingers , calloused from years of gripping weapons , moved with practiced ease . He took aim , not at the advancing ranks , but at the moment before the volley . The smoke from the cannon fire billowed in the distance , and he knew the moment was upon him . Mel ’ s eyes narrowed as he adjusted his aim , his body tensed like a bowstring ready to release . He was not a man of words , but of action . He had seen too many men fall to the enemy ’ s fire to be sentimental . He was Mel , and he was ready . The forest breathed around him , the trees whispering secrets only he could hear . He waited , the air thick with anticipation . The enemy was coming , and he was ready to meet them . He would not be the one to fall . He would be the one to strike first ."
doc_tt0134119_0005_2_qwen3vl-4b_original-system-journalist_13,"The tension in the elevator is palpable as Philip , his face a mask of weary frustration , adjusts his headphones . He ’ s been on the phone for hours , his voice strained with the weight of a job he never asked for . The wooden walls echo his isolation , and he ’ s not alone — he ’ s being watched . Jude , his eyes wide with disbelief , leans against the elevator ’ s edge , his hand pressed to his temple . He ’ s just heard the news that his brother , the man he thought was untouchable , is the one who ’ s been manipulating the entire system . The realization hits him like a physical blow . He ’ s been playing the part of the good guy , but the truth is buried under layers of lies . Matt , his face a picture of concern , peers through the sliver of the elevator door . He ’ s not sure what to do . He knows that Philip is the one who ’ s been hiding something , and he ’ s worried that Jude might be too late to stop it . He ’ s been trying to get Philip to talk , but the man ’ s silence is deafening . The elevator doors open , and the two men step out , their faces a mix of relief and dread . They ’ re not sure what ’ s going to happen next , but they know that they have to face the consequences . They ’ re not going to let anyone else take the blame for what ’ s happened . They stand in the hallway , their shoulders tense with anticipation . The elevator has been their sanctuary , but now it ’ s their prison . They ’ re not going to let anyone else take the blame for what ’ s happened . They ’ re going to face the consequences , together ."
doc_tt0129387_0002_18_qwen3vl-4b_original-system-journalist_12,"The scene opens with Cameron , her expression a mix of concern and vulnerability , holding a set of keys toward Ben . She stands on a sunlit street , her blonde hair catching the light , as if she ’ s offering something precious yet fraught with meaning . Ben , facing her , seems to be in the midst of a pivotal moment , perhaps about to make a decision that will alter their lives . The camera then cuts to Ben , seen from behind , standing beside a blue car . The setting shifts subtly to a waterfront parking lot , with a red car parked nearby and palm trees framing the horizon . His posture suggests he is lost in thought , perhaps regretting or contemplating something significant . He turns to face the camera , his expression now one of quiet intensity . The water behind him reflects the golden hour sky , and his simple blue shirt underscores the gravity of the moment . He looks like a man who ’ s just realized something crucial — or perhaps someone he loved has just left him . A close-up captures Ben ’ s face as he turns to Cameron , his eyes softening into a smile that carries both warmth and sorrow . The moment is tender , almost intimate , as if they ’ re sharing a secret only they understand . The final shot reveals them embracing on the pier , backs to the camera . The water stretches out before them , and the sky above is painted with the hues of dusk . Their embrace feels like a silent promise — a reconciliation , a farewell , or perhaps a beginning . The rope barrier behind them , and the distant city skyline , frame their moment of connection . Cameron stands alone , her posture relaxed yet thoughtful , wearing a light blue jacket and dark shorts . She seems to be reflecting on what just happened , perhaps smiling to herself or quietly mourning . Ben , in his simple blue shirt , stands near the red car , his gaze fixed forward , as if he ’ s already moving on , or perhaps waiting for something more . Lin , in a teal dress , stands on a balcony , her back to the camera , gazing out at the scene below . She appears to be observing the couple ’ s moment — perhaps a silent witness to their love , or the end of it ."
doc_tt0119822_0001_0_qwen3vl-4b_original-system-journalist_11,"The scene opens in a grand , dimly lit hallway , where a man in a dark coat stands before a heavy wooden door . He looks startled , as if he ’ s just been interrupted . The atmosphere is tense , yet oddly charming , like a moment caught in the quiet before a storm . He turns , his expression shifting from surprise to something more curious , as he begins to move . The hallway , with its checkered floor and ornate fixtures , feels like a stage set for something extraordinary . Suddenly , a small , scruffy dog appears , its eyes wide and alert . The man ’ s attention is immediately drawn to it , and he bends down , his posture shifting from rigid to curious . The dog seems to be the center of his newfound focus . He reaches out , gently lifting the dog into the air , his expression now a mix of amusement and affection . The dog , though small , seems to be enjoying the attention , its body relaxed in his grasp . The man ’ s gaze follows the dog ’ s movements , his face a picture of gentle delight . The hallway , once still , now feels alive with the quiet energy of this unexpected interaction . The man stands , the dog still held aloft , and the scene fades into a moment of pure , unscripted joy . The hallway , once a backdrop of mystery , now feels like a stage for a heartwarming encounter ."
doc_tt0118715_0001_1_qwen3vl-4b_original-system-journalist_10,"The tension in the bathroom crackles like static electricity as Mark , his eyes closed and muscles taut , grips the edge of the sink . He ’ s not just angry — he ’ s furious . The confrontation is personal , raw , and escalating . The flickering light above casts long shadows , emphasizing the gravity of the moment . Philip , his face contorted with rage , leans in , his hand gripping Mark ’ s hair with brutal force . The sheer intensity of his expression suggests a man who has reached his breaking point . The scene is intimate , claustrophobic , and emotionally charged . The violence erupts as Mark throws himself backward , his body slamming against the wall . Water sprays from the faucet like a weapon , drenching the space and symbolizing the chaos that ’ s been unleashed . The moment is frozen in time , a visceral display of raw emotion and physical confrontation . The aftermath is quiet , broken only by the sound of water dripping . Philip , now seated on the floor , looks up with a look of despair , his face smeared with grime and exhaustion . The pink toilet , once a symbol of domesticity , now stands as a silent witness to the storm that just passed . Mark , now standing , his posture rigid and defiant , stares down at the floor . His eyes are narrowed , his jaw clenched . He ’ s not done . The anger hasn ’ t dissipated — it ’ s simmering beneath the surface , waiting for the next move . The final shot is a close-up of Mark ’ s face , his expression unreadable , his eyes reflecting the dim light . He ’ s alone now , the bathroom quiet , the tension still hanging in the air . The scene ends not with a bang , but with a whisper — a promise of what ’ s to come ."
doc_tt0114814_0003_4_qwen3vl-4b_original-system-journalist_9,"The tension crackles in the dimly lit room as Stephen stands tall , fists clenched , his gaze locked on the man seated before him . Behind him , the frosted glass windows cast fractured light , highlighting the gravity of the moment . He ’ s not just confronting ; he ’ s preparing to break something — or someone — with the quiet menace of his stance . He turns slightly , his expression shifting from fury to something colder , more calculating . The room feels like a cage , and he ’ s the warden . His eyes dart , scanning for weakness , for an opening . The man seated doesn ’ t flinch , but his posture suggests he ’ s bracing for impact — or worse , for betrayal . The camera cuts to a close-up of the seated man ’ s face — his eyes wide , his mouth slightly open , as if he ’ s just been told something he can ’ t unhear . The man ’ s face is a mask of shock and dread , and the light from the window catches the tremor in his jaw . Stephen ’ s voice is low , almost a whisper , as he speaks . He ’ s not shouting . He ’ s commanding . The man ’ s eyes dart to the wall , where a crude drawing of a skull and crossbones is scrawled in pencil — a symbol of defiance , or perhaps of surrender . The camera pans to the man in the red shirt , his back to the camera , his head bowed . He ’ s not looking at Stephen . He ’ s looking at the floor , at the floorboards , at the cracks in the paint . He ’ s not ready to fight . He ’ s ready to run . Stephen turns his head slowly , his eyes narrowing , as if he ’ s seeing the man for the first time — or for the last time . The room is silent , except for the ticking of the clock , and the man in the red shirt is still , still , still . The man in the red shirt lifts his head , and for a moment , the room is still , and then — it ’ s gone . The man in the red shirt is gone . The room is empty . And Stephen is alone , standing in the middle of the room , his fists still clenched , his eyes still locked on the empty space where the man once sat ."
doc_tt0114388_0004_0_qwen3vl-4b_original-system-journalist_8,"The carriage , pulled by two dark horses , glides along the gravel path before the grand stone manor , its ivy-clad facade a testament to timeless elegance . Inside , Emma sits with quiet grace , her gaze fixed ahead , while Kate , beside her , appears thoughtful , her hand resting near her chin . The air is thick with anticipation as they approach the estate ’ s entrance , where the driver and a footman stand ready . The carriage moves through the dense , shadowed woods , the canopy overhead filtering the light into dappled patterns on the dirt road . Emma and Kate are visible from behind , their figures small against the towering trees , suggesting a journey into the unknown . The carriage driver , mounted on horseback , follows closely , his silhouette a quiet sentinel against the green . Inside the carriage , Emma closes her eyes , perhaps in contemplation or fatigue , while Kate watches the passing scenery with a calm , observant expression . Their clothing , modest yet refined , speaks of a world governed by propriety and quiet dignity . The carriage now traverses open fields under a brooding , storm-laden sky . A rider on horseback , perhaps a guard or messenger , follows behind , his presence adding a sense of urgency to the journey . The landscape stretches out , wild and untamed , contrasting with the structured elegance of the manor ahead . The grand manor looms in the distance , its imposing silhouette framed by perfectly trimmed hedges and a long , winding path . The carriage approaches , its wheels crunching softly on the gravel , as if the very earth is holding its breath in anticipation of what lies within . At the manor ’ s entrance , Emma and Kate pause . Emma , in her brown coat and hat , turns to speak with a man in a dark coat , his expression serious . Kate stands nearby , watching the exchange with quiet interest , her posture relaxed but attentive . Emma stands alone in the courtyard , her coat and hat slightly askew , her gaze fixed on something beyond the frame . Behind her , the carriage ’ s horses stand still , their dark forms a quiet contrast to the greenery around them . The air is still , heavy with the weight of unspoken words . Kate turns her back to the viewer , her curly hair catching the light as she walks through the manicured gardens . The neatly trimmed hedges line the path behind her , their symmetry a silent witness to the unfolding drama . Emma ’ s back is turned to the camera as she walks , her green shawl draped over her shoulders . Her movement is deliberate , her steps measured , as if she is following a path she has walked many times before , yet each step carries a new meaning ."
doc_tt0113243_0006_1_qwen3vl-4b_original-system-journalist_7,"The scene opens with Jonny , a young man with tousled blonde hair , caught in a moment of quiet intensity . His eyes are closed , lips parted as if he ’ s about to speak or has just finished a confession . He wears a red shirt under a black leather jacket , the sunlight from a window behind him casting a warm glow on his face . The setting feels intimate , almost like a private room in a dimly lit apartment . The camera then cuts to Fisher , a man in a sharp black suit and glasses , standing in front of a large Nirvana poster . His expression is serious , perhaps even a bit weary , as he looks off into the distance . The room around him is cluttered with posters and memorabilia , suggesting a space that ’ s lived in and loved . He ’ s the kind of man who carries his thoughts like a weight , but his presence is undeniable . The mood shifts as we see Fisher again , now with a more intense look on his face . His eyes are wide , his mouth slightly open as if he ’ s about to say something important . The lighting is dimmer here , and the background is darker , making his expression more dramatic . He seems to be in the middle of a conversation , perhaps one that ’ s turning emotional . Jonny is now facing Fisher , and their eyes lock . The tension between them is palpable . Jonny ’ s expression is one of concern , perhaps even fear . He ’ s listening intently , his body slightly leaning forward . The room is still dim , but the focus is now on their interaction , the weight of the moment hanging in the air . Fisher ’ s expression softens slightly , but his eyes remain intense . He ’ s still in the same spot , the Nirvana poster behind him , but now he seems to be speaking , his mouth open as if he ’ s explaining something . The room is quiet , the only sound being their breathing , and the weight of the conversation is almost tangible . Jonny ’ s face is now turned away , but his posture suggests he ’ s still listening . The light from the window is still casting a warm glow on his face , but now it ’ s more subdued , as if the moment has become more serious . The room is still quiet , and the tension between them is still palpable , but now it ’ s a different kind of tension , one that ’ s almost emotional ."
doc_tt0109686_0003_2_qwen3vl-4b_original-system-journalist_6,"The scene opens with a red Lamborghini , its doors wide open , as Jim , in a blue jumpsuit and red gloves , leaps from the driver ’ s seat with arms raised in triumph . Behind him , a group of uniformed men stand near the grand entrance of a snow-dusted mansion , their expressions a mix of awe and confusion . The car ’ s interior is littered with debris , suggesting a chaotic , high-stakes moment . Jim , still in his jumpsuit , now holds a wad of cash , his face lit with glee as he gestures triumphantly . Beside him , Jeff , clad in a golden jacket and sunglasses , smiles broadly , clearly enjoying the spectacle . Their camaraderie is palpable , as if they ’ ve just pulled off a heist that ’ s far more entertaining than it is dangerous . The camera pans to the mansion ’ s grand staircase , where the two men are now seen descending , their laughter echoing off the marble . Jim ’ s fluffy white boots contrast with the snowy ground , while Jeff ’ s golden jacket catches the light . A uniformed man stands at the bottom , observing them with a bemused expression , while others mill about , some carrying bags and others just watching . Inside , the scene shifts to a luxurious bedroom . Jim and Jeff are now lounging in matching white bathrobes , their feet propped up on a nightstand . The room is elegantly appointed , with ornate curtains and a tray of snacks between them . They appear utterly relaxed , as if they ’ ve just escaped a world of chaos and are now enjoying the fruits of their labor . Jim is now alone , seated on the bed , his eyes closed as he wipes his nose with a tissue . His expression is one of pure contentment , as if he ’ s finally found peace after a wild night . Jeff , though not visible , is implied to be nearby , sharing in the quiet moment of relaxation . Jim , once again in his blue jumpsuit , stands atop the red Lamborghini , arms raised as if he ’ s about to celebrate another triumph . The car ’ s doors are still open , and the snow continues to fall , adding to the sense of drama and excitement . Jeff lounges on the bed , his white robe slightly askew , as he sips from a glass . His relaxed posture and contented smile suggest he ’ s thoroughly enjoying the moment , the result of their shared adventures . The room is still , the only movement the gentle sway of the curtains ."
doc_tt0109686_0003_1_qwen3vl-4b_original-system-journalist_5,"The night was crisp and still , the snow crunching softly underfoot as Jim and Jeff gathered around the crackling fire . The glow of the flames danced across their faces as they stood by the picnic table , the distant lights of the town twinkling like stars against the dark . Jim , ever the stoic one , had a look of quiet determination , while Jeff seemed more animated , perhaps even a little restless . The tension between them was palpable . Jeff suddenly lunged forward , grabbing Jim by the shoulders , his eyes wide with urgency . Jim didn ’ t flinch ; instead , he leaned back , his expression unreadable . The firelight caught the sweat on Jeff ’ s brow , highlighting his desperation . Jeff ’ s grip tightened , and with a sudden , forceful motion , he threw Jim onto the picnic table . Jim landed with a thud , his body sprawling across the wooden surface . The firelight flickered , casting long shadows that seemed to stretch and twist around them . Jeff stood over him , his face a mask of raw emotion . He didn ’ t hesitate , and with a swift , decisive movement , he pinned Jim down . The fire crackled on , illuminating the scene with an almost theatrical glow , as if the very night itself was witnessing their struggle . They stood in silence , the fire casting their shadows into the snow . The lights in the distance seemed to pulse , as if the town itself was holding its breath . Jim ’ s eyes met Jeff ’ s , and for a moment , there was no more words needed . The night was thick with unspoken truths , the fire a silent witness to the unfolding drama ."
doc_tt0097576_0006_12_qwen3vl-4b_original-system-journalist_4,"The tension thickens as Harrison , bound tightly with rope against a stone wall , meets the cold gaze of an older man with a white beard and a knitted cap . Their faces , illuminated by the dim glow of a single bulb , convey the gravity of their predicament . The setting , a crumbling dungeon with ornate carvings , suggests a trap laid by forces far more sinister than mere curiosity . The scene shifts to a tense standoff . Two men in military uniforms , their guns trained with lethal precision , stand ready for action . One of them , a wiry figure with a determined expression , scans the room as if anticipating the next move . Behind them , the room ’ s arches and cluttered equipment hint at a clandestine operation , perhaps a secret war room or a hidden bunker . A sudden blaze erupts , casting fiery orange light across the room . Harrison , now in a moment of desperate action , shields his face as flames lick at the stone walls . His opponent , a stoic man in uniform , crouches low , eyes fixed on the inferno , his body tense with anticipation . The inferno intensifies , swallowing the room in its roaring embrace . Soldiers scramble for cover , their movements frantic as they try to navigate the chaos . A chandelier hangs precariously above , its candle-like lights flickering as the fire grows . The scene is one of pure adrenaline , a battle not just for survival but for the secrets hidden within the flames . The chaos peaks as the room collapses under the weight of the fire . Soldiers , including Harrison , are forced to take cover behind stone pillars and crumbling arches , their faces twisted in fear and determination . The sound of crackling flames and the distant echo of gunfire add to the urgency of the moment . Harrison , now free from his bonds , strides purposefully through the smoke-filled room , clutching a heavy leather satchel . His hat is askew , his expression resolute . Behind him , the remnants of the room ’ s chaos are visible , a testament to the struggle he has just survived . He moves with the confidence of a man who knows the stakes — and the cost of victory ."
doc_tt0083929_0005_0_qwen3vl-4b_original-system-journalist_3,"Robert lounges in his dimly lit apartment , feet propped up on the desk , eyes fixed on the flickering television screen . A box of popcorn rests beside him , and he ’ s clearly lost in the world of the show . The room is cozy , cluttered with posters and a glowing lamp that casts a warm hue over the scene . He seems utterly absorbed , as if the screen ’ s glow is the only thing keeping him grounded . The scene shifts to Brian , standing alone in a dimly lit bar , talking into a payphone . The red glow from the phone ’ s cord illuminates his face as he speaks , his expression thoughtful . The bar is alive with soft chatter and the clink of glasses , but Brian seems to be in his own world , perhaps recounting a story or seeking solace in a forgotten connection . Robert is back , now on the phone , his posture relaxed but attentive . He ’ s still lounging , but the television is now showing a different program — perhaps a rerun or a different channel — and his expression suggests he ’ s enjoying the interplay of media . The room remains unchanged , a sanctuary of comfort and distraction . Brian is now seated at a table , the candlelight casting a soft glow on his face as he looks up , perhaps startled or intrigued by something off-camera . The table is set with food and drinks , hinting at a quiet dinner or a casual gathering . His expression is one of gentle surprise , as if he ’ s just caught a glimpse of something unexpected . Robert is now standing , perhaps after finishing his meal , his hands gesturing as he speaks with someone off-camera . The candle flickers beside him , adding a touch of warmth to the scene . His expression is animated , suggesting he ’ s in the middle of a lively conversation or perhaps sharing a story . Brian is now seated again , this time at a table , his hands resting on the table as he listens intently . The candlelight continues to cast a warm glow , and his expression is one of quiet focus , as if he ’ s listening to something important or deeply personal . Robert is now seated , his gaze fixed on something in front of him , perhaps a screen or a piece of paper . The room is quiet , and the candlelight casts a soft glow on his face , suggesting he ’ s in deep thought or perhaps preparing to make a decision . Jennifer is now seated , her hands resting on the table as she listens intently . The candlelight casts a soft glow on her face , and her expression is one of quiet focus , as if she ’ s listening to something important or deeply personal ."
doc_tt0082971_0009_0_qwen3vl-4b_original-system-journalist_2,"Harrison , the intrepid adventurer , settles into a sun-dappled street café in a bustling Moroccan marketplace , his fedora casting a shadow over his weary but determined face as he sips from a ceramic cup . The scent of spices and warm bread fills the air , mingling with the clatter of distant carts and the murmur of locals . He ’ s not here for leisure — he ’ s on a mission , his gaze fixed on something just beyond the frame , his hand resting near his revolver as if ready for anything . He ’ s joined by a mysterious figure on a vintage motorcycle , a man with a beard and a blue headscarf , who rides through the narrow alleyways like a silent guardian of the night . The dust swirls around him as he pauses , scanning the streets , his presence both imposing and oddly familiar . Harrison ’ s eyes flicker toward him , a silent acknowledgment of shared purpose . The scene shifts to a crowded , arched café where Harrison is now engaged in tense conversation with Vic , who sits across from him , sipping from a glass of dark liquid . Vic ’ s expression is grave , his tie slightly askew , suggesting the gravity of their discussion . Around them , patrons in traditional garb sip tea and smoke hookah , oblivious to the secrets being exchanged . Harrison leans in , his voice low and urgent , his brow furrowed as he presses a point with his hand . Vic ’ s face tightens , his eyes narrowing as he listens , the weight of their mission hanging thick in the air . The café ’ s warm light glows around them , casting long shadows that seem to echo their tension . As the conversation reaches its climax , Harrison ’ s gaze locks with Vic ’ s , their eyes meeting in a silent understanding . The camera lingers on their faces , the tension palpable , the stakes high . The café ’ s patrons continue their lives , but for these two , the world has narrowed to this moment , this decision , this path ahead ."
doc_tt0081505_0022_0_qwen3vl-4b_original-system-journalist_1,"The snow-laden tunnel glows with an eerie blue light as Danny , small and determined , trudges forward . He ’ s lost , or perhaps searching , through the frozen maze that feels like a living thing . The silence is thick , broken only by his footsteps crunching on the snow . He ’ s not alone — the darkness seems to watch him , and he ’ s aware of the unseen presence that lurks just beyond the icy walls . He pauses , breathless , as the cold seeps into his bones . The tunnel ’ s walls shimmer with frost , and for a moment , he feels the weight of something ancient and malevolent pressing in . He ’ s not afraid — he ’ s curious . He ’ s drawn deeper into the snow , where the light dims and the air grows colder . He crawls , his small body low to the ground , as if trying to disappear into the snow . He ’ s not alone — the tunnel ’ s walls seem to close in , and he ’ s aware of the unseen presence that lurks just beyond the icy walls . He ’ s not afraid — he ’ s curious . He ’ s drawn deeper into the snow , where the light dims and the air grows colder . The scene shifts — now , in a warm , red-lit hallway , Jack stands in a robe , holding a knife . His face is twisted with rage and fear . He ’ s not alone — the red walls seem to watch him , and he ’ s aware of the unseen presence that lurks just beyond the icy walls . He ’ s not afraid — he ’ s curious . He ’ s drawn deeper into the snow , where the light dims and the air grows colder . The hallway is empty except for the red walls and the ornate elevator doors . Jack ’ s presence is felt — his rage and fear are palpable . He ’ s not alone — the red walls seem to watch him , and he ’ s aware of the unseen presence that lurks just beyond the icy walls . He ’ s not afraid — he ’ s curious . He ’ s drawn deeper into the snow , where the light dims and the air grows colder . Shelley stands in the doorway , her face frozen in terror . She holds a knife , her eyes wide with fear . The red walls behind her glow like a warning . She ’ s not alone — the red walls seem to watch her , and she ’ s aware of the unseen presence that lurks just beyond the icy walls . She ’ s not afraid — she ’ s curious . She ’ s drawn deeper into the snow , where the light dims and the air grows colder . Danny , the child , looks up from the snow , his face illuminated by the blue light . His eyes are wide with fear , but also with wonder . He ’ s not alone — the tunnel ’ s walls seem to close in , and he ’ s aware of the unseen presence that lurks just beyond the icy walls . He ’ s not afraid — he ’ s curious . He ’ s drawn deeper into the snow , where the light dims and the air grows colder . Jack ’ s face is twisted with rage and fear , his eyes wide and his mouth open in a scream . He ’ s not alone — the red walls seem to watch him , and he ’ s aware of the unseen presence that lurks just beyond the icy walls . He ’ s not afraid — he ’ s curious . He ’ s drawn deeper into the snow , where the light dims and the air grows colder . Shelley stands in the doorway , her face frozen in terror . She holds a knife , her eyes wide with fear . The red walls behind her glow like a warning . She ’ s not alone — the red walls seem to watch her , and she ’ s aware of the unseen presence that lurks just beyond the icy walls . She ’ s not afraid — she ’ s curious . She ’ s drawn deeper into the snow , where the light dims and the air grows colder ."
doc_tt0066026_0050_qwen3vl-4b_original-system-journalist_0,"The dimly lit operating room hums with tension as the surgical team prepares for what could be a life-altering procedure . Donald , the lead surgeon , stands with his hands clasped near his face , eyes fixed on the patient beneath the sterile lights , his expression a mix of focus and quiet dread . Beside him , Elliott adjusts a surgical instrument with practiced precision , his movements deliberate as he steadies the field . The room is alive with the soft glow of overhead lamps and the faint clink of surgical tools , each shadowed by the gravity of the moment . The scene widens to reveal the full scope of the operation : a dozen medical professionals , all in white gowns and masks , moving in perfect harmony around the patient . Their hands , gloved and steady , hover over the surgical site , each one a part of a complex , silent ballet . The sterile atmosphere is broken only by the occasional murmur of a nurse or the soft click of a scalpel . The patient lies still , their body a canvas for the surgeons ’ expertise . A close-up captures the surgeon ’ s hands as they delicately maneuver a scalpel through the tissue . The light from the overhead lamp illuminates the incision , casting sharp shadows that emphasize the precision required . The patient ’ s skin glistens with a faint sheen of sweat and blood , a testament to the intensity of the moment . The surgeon ’ s focus is absolute , every movement calculated and controlled . The camera shifts to a woman in the surgical team , her face half-hidden by her mask , eyes narrowed in concentration . Her expression is one of unwavering determination , her hands steady as she assists the lead surgeon . The dim glow of the surgical lights casts long shadows across her face , highlighting the intensity of the moment . The scene returns to the broader view , where the surgical team continues their work . Donald leans over the patient , his posture bent in concentration , his fingers tracing the contours of the incision . Elliott stands beside him , his hands poised to assist , his eyes fixed on the surgical site . The room is alive with the quiet hum of the surgical team ’ s focused efforts , each movement a testament to their skill and dedication ."
